filename,rlvlmf_pref,cv2_pref
seed_0_0.png,0,0
seed_0_1.png,1,0
seed_0_2.png,0,0
seed_0_3.png,1,1
seed_0_4.png,0,0
seed_0_5.png,0,1
seed_0_6.png,0,0
seed_0_7.png,0,1
seed_0_8.png,1,1
seed_0_9.png,1,0
seed_0_10.png,1,0
seed_0_11.png,0,1
seed_0_12.png,1,1
seed_0_13.png,0,1
seed_0_14.png,0,1
seed_0_15.png,1,0
seed_0_16.png,0,1
seed_0_17.png,0,0
seed_0_18.png,0,1
seed_0_19.png,0,1
seed_0_20.png,0,1
seed_0_21.png,0,1
seed_0_22.png,0,0
seed_0_23.png,1,0
seed_0_24.png,1,1
seed_0_25.png,0,0
seed_0_26.png,0,0
seed_0_27.png,0,1
seed_0_28.png,0,0
seed_0_29.png,1,0
seed_0_30.png,0,0
seed_0_31.png,0,0
seed_0_32.png,0,1
seed_0_33.png,0,0
seed_0_34.png,1,0
seed_0_35.png,0,1
seed_0_36.png,1,1
seed_0_37.png,0,1
seed_0_38.png,1,0
seed_0_39.png,1,1
seed_0_40.png,0,0
seed_0_41.png,0,1
seed_0_42.png,1,1
seed_0_43.png,0,0
seed_0_44.png,1,1
seed_0_45.png,1,1
seed_0_46.png,0,1
seed_0_47.png,1,1
seed_0_48.png,1,0
seed_0_49.png,0,0
seed_0_50.png,1,0
seed_0_51.png,1,0
seed_0_52.png,1,0
seed_0_53.png,0,0
seed_0_54.png,0,1
seed_0_55.png,1,1
seed_0_56.png,0,1
seed_0_57.png,0,0
seed_0_58.png,0,1
seed_0_59.png,0,0
seed_0_60.png,1,0
seed_0_61.png,0,1
seed_0_62.png,1,1
seed_0_63.png,0,1
seed_0_64.png,1,1
seed_0_65.png,1,1
seed_0_66.png,0,1
seed_0_67.png,0,1
seed_0_68.png,0,0
seed_0_69.png,1,1
seed_0_70.png,0,0
seed_0_71.png,1,0
seed_0_72.png,0,0
seed_0_73.png,0,1
seed_0_74.png,1,1
seed_0_75.png,0,1
seed_0_76.png,1,0
seed_0_77.png,0,0
seed_0_78.png,0,0
seed_0_79.png,0,0
seed_0_80.png,0,0
seed_0_81.png,1,0
seed_0_82.png,1,1
seed_0_83.png,1,1
seed_0_84.png,0,0
seed_0_85.png,1,0
seed_0_86.png,0,0
seed_0_87.png,1,1
seed_0_88.png,0,0
seed_0_89.png,0,1
seed_0_90.png,0,0
seed_0_91.png,0,1
seed_0_92.png,1,1
seed_0_93.png,1,0
seed_0_94.png,1,0
seed_0_95.png,0,1
seed_0_96.png,1,1
seed_0_97.png,0,1
seed_0_98.png,0,1
seed_0_99.png,1,0
seed_0_100.png,0,1
seed_0_101.png,0,0
seed_0_102.png,0,1
seed_0_103.png,0,1
seed_0_104.png,0,1
seed_0_105.png,0,1
seed_0_106.png,0,0
seed_0_107.png,1,0
seed_0_108.png,1,1
seed_0_109.png,0,0
seed_0_110.png,0,0
seed_0_111.png,0,1
seed_0_112.png,0,0
seed_0_113.png,1,0
seed_0_114.png,0,0
seed_0_115.png,0,0
seed_0_116.png,0,1
seed_0_117.png,0,0
seed_0_118.png,1,0
seed_0_119.png,0,1
seed_0_120.png,1,1
seed_0_121.png,0,1
seed_0_122.png,1,0
seed_0_123.png,1,1
seed_0_124.png,0,0
seed_0_125.png,0,1
seed_0_126.png,1,1
seed_0_127.png,0,0
seed_0_128.png,1,1
seed_0_129.png,1,1
seed_0_130.png,0,1
seed_0_131.png,1,1
seed_0_132.png,1,0
seed_0_133.png,0,0
seed_0_134.png,1,0
seed_0_135.png,1,0
seed_0_136.png,1,0
seed_0_137.png,0,0
seed_0_138.png,0,1
seed_0_139.png,1,1
seed_0_140.png,0,1
seed_0_141.png,0,0
seed_0_142.png,0,1
seed_0_143.png,0,0
seed_0_144.png,1,0
seed_0_145.png,0,1
seed_0_146.png,1,1
seed_0_147.png,0,1
seed_0_148.png,1,1
seed_0_149.png,1,1
seed_0_150.png,0,1
seed_0_151.png,0,1
seed_0_152.png,0,0
seed_0_153.png,1,1
seed_0_154.png,0,0
seed_0_155.png,1,0
seed_0_156.png,0,0
seed_0_157.png,0,1
seed_0_158.png,1,1
seed_0_159.png,0,1
seed_0_160.png,1,0
seed_0_161.png,0,0
seed_0_162.png,0,0
seed_0_163.png,0,0
seed_0_164.png,0,0
seed_0_165.png,1,0
seed_0_166.png,1,1
seed_0_167.png,1,1
seed_0_168.png,0,0
seed_0_169.png,1,0
seed_0_170.png,0,0
seed_0_171.png,1,1
seed_0_172.png,0,0
seed_0_173.png,0,1
seed_0_174.png,0,0
seed_0_175.png,0,1
seed_0_176.png,1,1
seed_0_177.png,1,0
seed_0_178.png,1,0
seed_0_179.png,0,1
seed_0_180.png,1,1
seed_0_181.png,0,1
seed_0_182.png,0,1
seed_0_183.png,1,0
seed_0_184.png,0,1
seed_0_185.png,0,0
seed_0_186.png,0,1
seed_0_187.png,0,1
seed_0_188.png,0,1
seed_0_189.png,0,1
seed_0_190.png,0,0
seed_0_191.png,1,0
seed_0_192.png,1,1
seed_0_193.png,0,0
seed_0_194.png,0,0
seed_0_195.png,0,1
seed_0_196.png,0,0
seed_0_197.png,1,0
seed_0_198.png,0,0
seed_0_199.png,0,0
seed_0_200.png,0,1
seed_0_201.png,0,0
seed_0_202.png,1,0
seed_0_203.png,0,1
seed_0_204.png,1,1
seed_0_205.png,0,1
seed_0_206.png,1,0
seed_0_207.png,1,1
seed_0_208.png,0,0
seed_0_209.png,0,1
seed_0_210.png,1,1
seed_0_211.png,0,0
seed_0_212.png,1,1
seed_0_213.png,1,1
seed_0_214.png,0,1
seed_0_215.png,1,1
seed_0_216.png,1,0
seed_0_217.png,0,0
seed_0_218.png,1,0
seed_0_219.png,1,0
seed_0_220.png,1,0
seed_0_221.png,0,0
seed_0_222.png,0,1
seed_0_223.png,1,1
seed_0_224.png,0,1
seed_0_225.png,0,0
seed_0_226.png,0,1
seed_0_227.png,0,0
seed_0_228.png,1,0
seed_0_229.png,0,1
seed_0_230.png,1,1
seed_0_231.png,0,1
seed_0_232.png,1,1
seed_0_233.png,1,1
seed_0_234.png,0,1
seed_0_235.png,0,1
seed_0_236.png,0,0
seed_0_237.png,1,1
seed_0_238.png,0,0
seed_0_239.png,1,0
seed_0_240.png,0,0
seed_0_241.png,0,1
seed_0_242.png,1,1
seed_0_243.png,0,1
seed_0_244.png,1,0
seed_0_245.png,0,0
seed_0_246.png,0,0
seed_0_247.png,0,0
seed_0_248.png,0,0
seed_0_249.png,1,0
seed_0_250.png,1,1
seed_0_251.png,0,0
seed_0_252.png,1,0
seed_0_253.png,0,0
seed_0_254.png,1,1
seed_0_255.png,0,0
seed_0_256.png,0,1
seed_0_257.png,0,0
seed_0_258.png,0,1
seed_0_259.png,1,1
seed_0_260.png,1,0
seed_0_261.png,1,0
seed_0_262.png,0,1
seed_0_263.png,1,1
seed_0_264.png,0,1
seed_0_265.png,0,1
seed_0_266.png,1,0
seed_0_267.png,0,1
seed_0_268.png,0,0
seed_0_269.png,0,1
seed_0_270.png,0,1
seed_0_271.png,0,1
seed_0_272.png,0,1
seed_0_273.png,0,0
seed_0_274.png,1,0
seed_0_275.png,1,1
seed_0_276.png,0,0
seed_0_277.png,0,0
seed_0_278.png,0,1
seed_0_279.png,0,0
seed_0_280.png,1,0
seed_0_281.png,0,0
seed_0_282.png,0,0
seed_0_283.png,0,1
seed_0_284.png,0,0
seed_0_285.png,1,0
seed_0_286.png,0,1
seed_0_287.png,1,1
seed_0_288.png,0,1
seed_0_289.png,1,0
seed_0_290.png,1,1
seed_0_291.png,0,0
seed_0_292.png,0,1
seed_0_293.png,1,1
seed_0_294.png,0,0
seed_0_295.png,1,1
seed_0_296.png,1,1
seed_0_297.png,0,1
seed_0_298.png,1,1
seed_0_299.png,1,0
seed_0_300.png,0,0
seed_0_301.png,1,0
seed_0_302.png,1,0
seed_0_303.png,1,0
seed_0_304.png,0,0
seed_0_305.png,0,1
seed_0_306.png,1,1
seed_0_307.png,0,1
seed_0_308.png,0,0
seed_0_309.png,0,1
seed_0_310.png,0,0
seed_0_311.png,1,0
seed_0_312.png,0,1
seed_0_313.png,1,1
seed_0_314.png,0,1
seed_0_315.png,1,1
seed_0_316.png,1,1
seed_0_317.png,0,1
seed_0_318.png,0,1
seed_0_319.png,0,0
seed_0_320.png,1,1
seed_0_321.png,0,0
seed_0_322.png,1,0
seed_0_323.png,0,0
seed_0_324.png,0,1
seed_0_325.png,1,1
seed_0_326.png,0,1
seed_0_327.png,1,0
seed_0_328.png,0,0
seed_0_329.png,0,0
seed_0_330.png,0,0
seed_0_331.png,0,0
seed_0_332.png,1,0
seed_2_333.png,1,1
seed_2_334.png,0,1
seed_2_335.png,1,1
seed_2_336.png,1,0
seed_2_337.png,1,1
seed_2_338.png,1,1
seed_2_339.png,1,0
seed_2_340.png,1,1
seed_2_341.png,1,1
seed_2_342.png,1,1
seed_2_343.png,1,1
seed_2_344.png,0,0
seed_2_345.png,0,1
seed_2_346.png,1,0
seed_2_347.png,1,1
seed_2_348.png,0,0
seed_2_349.png,0,0
seed_2_350.png,1,1
seed_2_351.png,1,1
seed_2_352.png,1,1
seed_2_353.png,1,0
seed_2_354.png,0,0
seed_2_355.png,1,1
seed_2_356.png,0,0
seed_2_357.png,1,1
seed_2_358.png,1,0
seed_2_359.png,1,0
seed_2_360.png,1,0
seed_2_361.png,0,0
seed_2_362.png,0,0
seed_2_363.png,0,0
seed_2_364.png,1,0
seed_2_365.png,1,1
seed_2_366.png,1,1
seed_2_367.png,0,1
seed_2_368.png,0,0
seed_2_369.png,0,0
seed_2_370.png,0,0
seed_2_371.png,1,0
seed_2_372.png,0,0
seed_2_373.png,1,1
seed_2_374.png,0,0
seed_2_375.png,1,0
seed_2_376.png,0,0
seed_2_377.png,1,0
seed_2_378.png,1,1
seed_2_379.png,0,1
seed_2_380.png,1,1
seed_2_381.png,0,0
seed_2_382.png,0,0
seed_2_383.png,0,1
seed_2_384.png,0,1
seed_2_385.png,1,0
seed_2_386.png,0,0
seed_2_387.png,0,1
seed_2_388.png,0,0
seed_2_389.png,1,0
seed_2_390.png,1,1
seed_2_391.png,1,1
seed_2_392.png,0,1
seed_2_393.png,0,0
seed_2_394.png,1,0
seed_2_395.png,0,1
seed_2_396.png,1,1
seed_2_397.png,1,1
seed_2_398.png,1,0
seed_2_399.png,0,1
seed_2_400.png,0,1
seed_2_401.png,0,0
seed_2_402.png,1,1
seed_2_403.png,0,0
seed_2_404.png,0,0
seed_2_405.png,0,0
seed_2_406.png,1,0
seed_2_407.png,0,1
seed_2_408.png,1,0
seed_2_409.png,1,1
seed_2_410.png,1,1
seed_2_411.png,0,1
seed_2_412.png,1,1
seed_2_413.png,1,0
seed_2_414.png,1,1
seed_2_415.png,1,1
seed_2_416.png,1,0
seed_2_417.png,1,1
seed_2_418.png,1,1
seed_2_419.png,1,1
seed_2_420.png,1,1
seed_2_421.png,0,0
seed_2_422.png,0,1
seed_2_423.png,1,0
seed_2_424.png,1,1
seed_2_425.png,0,0
seed_2_426.png,0,0
seed_2_427.png,1,1
seed_2_428.png,1,1
seed_2_429.png,1,1
seed_2_430.png,1,0
seed_2_431.png,0,0
seed_2_432.png,1,1
seed_2_433.png,0,0
seed_2_434.png,1,1
seed_2_435.png,1,0
seed_2_436.png,1,0
seed_2_437.png,1,0
seed_2_438.png,0,0
seed_2_439.png,0,0
seed_2_440.png,0,0
seed_2_441.png,1,0
seed_2_442.png,1,1
seed_2_443.png,1,1
seed_2_444.png,0,1
seed_2_445.png,0,0
seed_2_446.png,0,0
seed_2_447.png,0,0
seed_2_448.png,1,0
seed_2_449.png,0,0
seed_2_450.png,1,1
seed_2_451.png,0,0
seed_2_452.png,1,0
seed_2_453.png,0,0
seed_2_454.png,1,0
seed_2_455.png,1,1
seed_2_456.png,0,1
seed_2_457.png,1,1
seed_2_458.png,0,0
seed_2_459.png,0,0
seed_2_460.png,0,1
seed_2_461.png,0,1
seed_2_462.png,1,0
seed_2_463.png,0,0
seed_2_464.png,0,1
seed_2_465.png,0,0
seed_2_466.png,1,0
seed_2_467.png,1,1
seed_2_468.png,1,1
seed_2_469.png,0,1
seed_2_470.png,0,0
seed_2_471.png,1,0
seed_2_472.png,0,1
seed_2_473.png,1,1
seed_2_474.png,1,1
seed_2_475.png,1,0
seed_2_476.png,0,1
seed_2_477.png,0,1
seed_2_478.png,0,0
seed_2_479.png,1,1
seed_2_480.png,0,0
seed_2_481.png,0,0
seed_2_482.png,0,0
seed_2_483.png,1,0
seed_2_484.png,0,1
seed_2_485.png,1,1
seed_2_486.png,1,0
seed_2_487.png,1,1
seed_2_488.png,1,1
seed_2_489.png,0,1
seed_2_490.png,1,1
seed_2_491.png,1,0
seed_2_492.png,1,1
seed_2_493.png,1,1
seed_2_494.png,1,0
seed_2_495.png,1,1
seed_2_496.png,1,1
seed_2_497.png,1,1
seed_2_498.png,1,1
seed_2_499.png,0,0
seed_2_500.png,0,1
seed_2_501.png,1,0
seed_2_502.png,1,1
seed_2_503.png,0,0
seed_2_504.png,0,0
seed_2_505.png,1,1
seed_2_506.png,1,1
seed_2_507.png,1,1
seed_2_508.png,1,0
seed_2_509.png,0,0
seed_2_510.png,1,1
seed_2_511.png,0,0
seed_2_512.png,1,1
seed_2_513.png,1,0
seed_2_514.png,1,0
seed_2_515.png,1,0
seed_2_516.png,0,0
seed_2_517.png,0,0
seed_2_518.png,0,0
seed_2_519.png,1,0
seed_2_520.png,1,1
seed_2_521.png,1,1
seed_2_522.png,0,1
seed_2_523.png,0,0
seed_2_524.png,0,0
seed_2_525.png,0,0
seed_2_526.png,1,0
seed_2_527.png,0,0
seed_2_528.png,1,1
seed_2_529.png,0,0
seed_2_530.png,1,0
seed_2_531.png,0,0
seed_2_532.png,1,0
seed_2_533.png,1,1
seed_2_534.png,0,1
seed_2_535.png,1,1
seed_2_536.png,0,0
seed_2_537.png,0,0
seed_2_538.png,0,1
seed_2_539.png,0,1
seed_2_540.png,1,0
seed_2_541.png,0,0
seed_2_542.png,0,1
seed_2_543.png,0,0
seed_2_544.png,1,0
seed_2_545.png,1,1
seed_2_546.png,1,1
seed_2_547.png,0,1
seed_2_548.png,0,0
seed_2_549.png,1,0
seed_2_550.png,0,1
seed_2_551.png,1,1
seed_2_552.png,1,1
seed_2_553.png,1,0
seed_2_554.png,0,1
seed_2_555.png,0,1
seed_2_556.png,0,0
seed_2_557.png,1,1
seed_2_558.png,0,0
seed_2_559.png,0,0
seed_2_560.png,0,0
seed_2_561.png,1,0
seed_2_562.png,0,1
seed_2_563.png,1,1
seed_2_564.png,1,0
seed_2_565.png,1,1
seed_2_566.png,1,1
seed_2_567.png,0,1
seed_2_568.png,1,1
seed_2_569.png,1,0
seed_2_570.png,1,1
seed_2_571.png,1,1
seed_2_572.png,1,0
seed_2_573.png,1,1
seed_2_574.png,1,1
seed_2_575.png,1,1
seed_2_576.png,1,1
seed_2_577.png,0,0
seed_2_578.png,0,1
seed_2_579.png,1,0
seed_2_580.png,1,1
seed_2_581.png,0,0
seed_2_582.png,0,0
seed_2_583.png,1,1
seed_2_584.png,1,1
seed_2_585.png,1,1
seed_2_586.png,1,0
seed_2_587.png,0,0
seed_2_588.png,1,1
seed_2_589.png,0,0
seed_2_590.png,1,1
seed_2_591.png,1,0
seed_2_592.png,1,0
seed_2_593.png,1,0
seed_2_594.png,0,0
seed_2_595.png,0,0
seed_2_596.png,0,0
seed_2_597.png,1,0
seed_2_598.png,1,1
seed_2_599.png,1,1
seed_2_600.png,0,1
seed_2_601.png,0,0
seed_2_602.png,0,0
seed_2_603.png,0,0
seed_2_604.png,1,0
seed_2_605.png,0,0
seed_2_606.png,1,1
seed_2_607.png,0,0
seed_2_608.png,1,0
seed_2_609.png,0,0
seed_2_610.png,1,0
seed_2_611.png,1,1
seed_2_612.png,0,1
seed_2_613.png,1,1
seed_2_614.png,0,0
seed_2_615.png,0,0
seed_2_616.png,0,1
seed_2_617.png,0,1
seed_2_618.png,1,0
seed_2_619.png,0,0
seed_2_620.png,0,1
seed_2_621.png,0,0
seed_2_622.png,1,0
seed_2_623.png,1,1
seed_2_624.png,1,1
seed_2_625.png,0,1
seed_2_626.png,0,0
seed_2_627.png,1,0
seed_2_628.png,0,1
seed_2_629.png,1,1
seed_2_630.png,1,1
seed_2_631.png,1,0
seed_2_632.png,0,1
seed_2_633.png,0,1
seed_2_634.png,0,0
seed_2_635.png,1,1
seed_2_636.png,0,0
seed_2_637.png,0,0
seed_2_638.png,0,0
seed_2_639.png,1,0
seed_2_640.png,0,1
seed_1_641.png,1,1
seed_1_642.png,0,1
seed_1_643.png,1,1
seed_1_644.png,1,0
seed_1_645.png,1,1
seed_1_646.png,1,1
seed_1_647.png,1,0
seed_1_648.png,1,1
seed_1_649.png,1,1
seed_1_650.png,1,1
seed_1_651.png,1,1
seed_1_652.png,0,0
seed_1_653.png,0,1
seed_1_654.png,1,0
seed_1_655.png,1,1
seed_1_656.png,0,0
seed_1_657.png,0,0
seed_1_658.png,1,1
seed_1_659.png,1,1
seed_1_660.png,1,1
seed_1_661.png,1,0
seed_1_662.png,0,0
seed_1_663.png,1,1
seed_1_664.png,0,0
seed_1_665.png,1,1
seed_1_666.png,1,0
seed_1_667.png,1,0
seed_1_668.png,1,0
seed_1_669.png,0,0
seed_1_670.png,0,0
seed_1_671.png,0,0
seed_1_672.png,1,0
seed_1_673.png,1,1
seed_1_674.png,1,1
seed_1_675.png,0,1
seed_1_676.png,0,0
seed_1_677.png,0,0
seed_1_678.png,0,0
seed_1_679.png,1,0
seed_1_680.png,0,0
seed_1_681.png,1,1
seed_1_682.png,0,0
seed_1_683.png,1,0
seed_1_684.png,0,0
seed_1_685.png,1,0
seed_1_686.png,1,1
seed_1_687.png,0,1
seed_1_688.png,1,1
seed_1_689.png,0,0
seed_1_690.png,0,0
seed_1_691.png,0,1
seed_1_692.png,0,1
seed_1_693.png,1,0
seed_1_694.png,0,0
seed_1_695.png,0,1
seed_1_696.png,0,0
seed_1_697.png,1,0
seed_1_698.png,1,1
seed_1_699.png,1,1
seed_1_700.png,0,1
seed_1_701.png,0,0
seed_1_702.png,1,0
seed_1_703.png,0,1
seed_1_704.png,1,1
seed_1_705.png,1,1
seed_1_706.png,1,0
seed_1_707.png,0,1
seed_1_708.png,0,1
seed_1_709.png,0,0
seed_1_710.png,1,1
seed_1_711.png,0,0
seed_1_712.png,0,0
seed_1_713.png,0,0
seed_1_714.png,1,0
seed_1_715.png,0,1
seed_1_716.png,1,1
seed_1_717.png,1,0
seed_1_718.png,1,1
seed_1_719.png,1,1
seed_1_720.png,0,1
seed_1_721.png,1,1
seed_1_722.png,1,0
seed_1_723.png,1,1
seed_1_724.png,1,1
seed_1_725.png,1,0
seed_1_726.png,1,1
seed_1_727.png,1,1
seed_1_728.png,1,1
seed_1_729.png,1,1
seed_1_730.png,0,0
seed_1_731.png,0,1
seed_1_732.png,1,0
seed_1_733.png,1,1
seed_1_734.png,0,0
seed_1_735.png,0,0
seed_1_736.png,1,1
seed_1_737.png,1,1
seed_1_738.png,1,1
seed_1_739.png,1,0
seed_1_740.png,0,0
seed_1_741.png,1,1
seed_1_742.png,0,0
seed_1_743.png,1,1
seed_1_744.png,1,0
seed_1_745.png,1,0
seed_1_746.png,1,0
seed_1_747.png,0,0
seed_1_748.png,0,0
seed_1_749.png,0,0
seed_1_750.png,1,0
seed_1_751.png,1,1
seed_1_752.png,1,1
seed_1_753.png,0,1
seed_1_754.png,0,0
seed_1_755.png,0,0
seed_1_756.png,0,0
seed_1_757.png,1,0
seed_1_758.png,0,0
seed_1_759.png,1,1
seed_1_760.png,0,0
seed_1_761.png,1,0
seed_1_762.png,0,0
seed_1_763.png,1,0
seed_1_764.png,1,1
seed_1_765.png,0,1
seed_1_766.png,1,1
seed_1_767.png,0,0
seed_1_768.png,0,0
seed_1_769.png,0,1
seed_1_770.png,0,1
seed_1_771.png,1,0
seed_1_772.png,0,0
seed_1_773.png,0,1
seed_1_774.png,0,0
seed_1_775.png,1,0
seed_1_776.png,1,1
seed_1_777.png,1,1
seed_1_778.png,0,1
seed_1_779.png,0,0
seed_1_780.png,1,0
seed_1_781.png,0,1
seed_1_782.png,1,1
seed_1_783.png,1,1
seed_1_784.png,1,0
seed_1_785.png,0,1
seed_1_786.png,0,1
seed_1_787.png,0,0
seed_1_788.png,1,1
seed_1_789.png,0,0
seed_1_790.png,0,0
seed_1_791.png,0,0
seed_1_792.png,1,0
seed_1_793.png,0,1
seed_1_794.png,1,1
seed_1_795.png,1,0
seed_1_796.png,1,1
seed_1_797.png,1,1
seed_1_798.png,1,0
seed_1_799.png,1,1
seed_1_800.png,1,1
seed_1_801.png,1,1
seed_1_802.png,1,1
seed_1_803.png,0,0
seed_1_804.png,0,1
seed_1_805.png,1,0
seed_1_806.png,1,1
seed_1_807.png,0,0
seed_1_808.png,0,0
seed_1_809.png,1,1
seed_1_810.png,1,1
seed_1_811.png,1,1
seed_1_812.png,1,0
seed_1_813.png,0,0
seed_1_814.png,1,1
seed_1_815.png,0,0
seed_1_816.png,1,1
seed_1_817.png,1,0
seed_1_818.png,1,0
seed_1_819.png,1,0
seed_1_820.png,0,0
seed_1_821.png,0,0
seed_1_822.png,0,0
seed_1_823.png,1,0
seed_1_824.png,1,1
seed_1_825.png,1,1
seed_1_826.png,0,1
seed_1_827.png,0,0
seed_1_828.png,0,0
seed_1_829.png,0,0
seed_1_830.png,1,0
seed_1_831.png,0,0
seed_1_832.png,1,1
seed_1_833.png,0,0
seed_1_834.png,1,0
seed_1_835.png,0,0
seed_1_836.png,1,0
seed_1_837.png,1,1
seed_1_838.png,0,1
seed_1_839.png,1,1
seed_1_840.png,0,0
seed_1_841.png,0,0
seed_1_842.png,0,1
seed_1_843.png,0,1
seed_1_844.png,1,0
seed_1_845.png,0,0
seed_1_846.png,0,1
seed_1_847.png,0,0
seed_1_848.png,1,0
seed_1_849.png,1,1
seed_1_850.png,1,1
seed_1_851.png,0,1
seed_1_852.png,0,0
seed_1_853.png,1,0
seed_1_854.png,0,1
seed_1_855.png,1,1
seed_1_856.png,1,1
seed_1_857.png,1,0
seed_1_858.png,0,1
seed_1_859.png,0,1
seed_1_860.png,0,0
seed_1_861.png,1,1
seed_1_862.png,0,0
seed_1_863.png,0,0
seed_1_864.png,0,0
seed_1_865.png,1,0
seed_1_866.png,0,1
seed_1_867.png,1,1
seed_1_868.png,1,0
seed_1_869.png,1,1
seed_1_870.png,1,1
seed_1_871.png,0,1
seed_1_872.png,1,1
seed_1_873.png,1,0
seed_1_874.png,1,1
seed_1_875.png,1,1
seed_1_876.png,1,0
seed_1_877.png,1,1
seed_1_878.png,1,1
seed_1_879.png,1,1
seed_1_880.png,1,1
seed_1_881.png,0,0
seed_1_882.png,0,1
seed_1_883.png,1,0
seed_1_884.png,1,1
seed_1_885.png,0,0
seed_1_886.png,0,0
seed_1_887.png,1,1
seed_1_888.png,1,1
seed_1_889.png,1,1
seed_1_890.png,1,0
seed_1_891.png,0,0
seed_1_892.png,1,1
seed_1_893.png,0,0
seed_1_894.png,1,1
seed_1_895.png,1,0
seed_1_896.png,1,0
seed_1_897.png,1,0
seed_1_898.png,0,0
seed_1_899.png,0,0
seed_1_900.png,0,0
seed_1_901.png,1,0
seed_1_902.png,1,1
seed_1_903.png,1,1
seed_1_904.png,0,1
seed_1_905.png,0,0
seed_1_906.png,0,0
seed_1_907.png,0,0
seed_1_908.png,1,0
seed_1_909.png,0,0
seed_1_910.png,1,1
seed_1_911.png,0,0
seed_1_912.png,1,0
seed_1_913.png,0,0
seed_1_914.png,1,0
seed_1_915.png,1,1
seed_1_916.png,0,1
seed_1_917.png,1,1
seed_1_918.png,0,0
seed_1_919.png,0,0
seed_1_920.png,0,1
seed_1_921.png,0,1
seed_1_922.png,1,0
seed_1_923.png,0,0
seed_1_924.png,0,1
seed_1_925.png,0,0
seed_1_926.png,1,0
seed_1_927.png,1,1
seed_1_928.png,1,1
seed_1_929.png,0,1
seed_1_930.png,0,0
seed_1_931.png,1,0
seed_1_932.png,0,1
seed_1_933.png,1,1
seed_1_934.png,1,1
seed_1_935.png,1,0
seed_1_936.png,0,1
seed_1_937.png,0,1
seed_1_938.png,0,0
seed_1_939.png,1,1
seed_1_940.png,0,0
seed_1_941.png,0,0
seed_1_942.png,0,0
seed_1_943.png,1,0
seed_1_944.png,0,1
